{"cameraMode":{"drawMode":0,"name":"Shaded","section":"Shading Mode"},"sceneLighting":true,"audioPlay":false,"sceneViewState":{"m_AlwaysRefresh":false,"showFog":true,"showSkybox":true,"showFlares":true,"showImageEffects":true,"showParticleSystems":true,"showVisualEffectGraphs":true,"m_FxEnabled":false},"in2DMode":false,"pivot":{"x":-1.0010085105895997,"y":1.7688040733337403,"z":-2.647469997406006},"rotation":{"x":0.24614380300045014,"y":0.6162564158439636,"z":-0.21176718175411225,"w":0.7178517580032349},"size":1.7795045375823975,"orthographic":false}